scope,method,path,mcp_status,mcp_tool,provider_schema_mentions_fmp_cached,standard_model
portfolio-venv-core-in-process,POST,/api/v1/backtest/run,activatable,backtest_run,False,
portfolio-venv-core-in-process,POST,/api/v1/backtest/sweep,activatable,backtest_sweep,False,
portfolio-venv-core-in-process,POST,/api/v1/backtest/reconcile,activatable,backtest_reconcile,False,
portfolio-venv-core-in-process,POST,/api/v1/backtest/pipeline,activatable,backtest_pipeline,False,
portfolio-venv-core-in-process,POST,/api/v1/backtest/factor_eval,activatable,backtest_factor_eval,False,
portfolio-venv-core-in-process,POST,/api/v1/backtest/validate,activatable,backtest_validate,False,
portfolio-venv-core-in-process,POST,/api/v1/backtest/tearsheet,activatable,backtest_tearsheet,False,
portfolio-venv-core-in-process,POST,/api/v1/backtest/bundle/ingest,activatable,backtest_bundle_ingest,False,
portfolio-venv-core-in-process,GET,/api/v1/backtest/bundle/list,activatable,backtest_bundle_list,False,
portfolio-venv-core-in-process,GET,/api/v1/backtest/about,activatable,backtest_about,False,
portfolio-venv-core-in-process,GET,/api/v1/cftc/cot_search,activatable,cftc_cot_search,False,COTSearch
portfolio-venv-core-in-process,GET,/api/v1/cftc/cot,activatable,cftc_cot,False,COT
portfolio-venv-core-in-process,GET,/api/v1/commodity/price/spot,activatable,commodity_price_spot,False,CommoditySpotPrices
portfolio-venv-core-in-process,GET,/api/v1/commodity/petroleum_status_report,activatable,commodity_petroleum_status_report,False,PetroleumStatusReport
portfolio-venv-core-in-process,GET,/api/v1/commodity/short_term_energy_outlook,activatable,commodity_short_term_energy_outlook,False,ShortTermEnergyOutlook
portfolio-venv-core-in-process,GET,/api/v1/commodity/psd_data,activatable,commodity_psd_data,False,CommodityPsdData
portfolio-venv-core-in-process,GET,/api/v1/commodity/psd_report,activatable,commodity_psd_report,False,CommodityPsdReport
portfolio-venv-core-in-process,GET,/api/v1/commodity/weather_bulletins,activatable,commodity_weather_bulletins,False,WeatherBulletin
portfolio-venv-core-in-process,POST,/api/v1/commodity/weather_bulletins_download,activatable,commodity_weather_bulletins_download,False,WeatherBulletinDownload
portfolio-venv-core-in-process,GET,/api/v1/crypto/price/historical,activatable,crypto_price_historical,True,CryptoHistorical
portfolio-venv-core-in-process,GET,/api/v1/crypto/search,activatable,crypto_search,True,CryptoSearch
portfolio-venv-core-in-process,GET,/api/v1/currency/price/historical,activatable,currency_price_historical,True,CurrencyHistorical
portfolio-venv-core-in-process,GET,/api/v1/currency/search,activatable,currency_search,True,CurrencyPairs
portfolio-venv-core-in-process,GET,/api/v1/currency/snapshots,activatable,currency_snapshots,True,CurrencySnapshots
portfolio-venv-core-in-process,GET,/api/v1/derivatives/options/chains,activatable,derivatives_options_chains,False,OptionsChains
portfolio-venv-core-in-process,POST,/api/v1/derivatives/options/surface,activatable,derivatives_options_surface,False,
portfolio-venv-core-in-process,GET,/api/v1/derivatives/options/unusual,activatable,derivatives_options_unusual,False,OptionsUnusual
portfolio-venv-core-in-process,GET,/api/v1/derivatives/options/snapshots,activatable,derivatives_options_snapshots,False,OptionsSnapshots
portfolio-venv-core-in-process,GET,/api/v1/derivatives/futures/historical,activatable,derivatives_futures_historical,False,FuturesHistorical
portfolio-venv-core-in-process,GET,/api/v1/derivatives/futures/curve,activatable,derivatives_futures_curve,False,FuturesCurve
portfolio-venv-core-in-process,GET,/api/v1/economy/gdp/forecast,activatable,economy_gdp_forecast,False,GdpForecast
portfolio-venv-core-in-process,GET,/api/v1/economy/gdp/nominal,activatable,economy_gdp_nominal,False,GdpNominal
portfolio-venv-core-in-process,GET,/api/v1/economy/gdp/real,activatable,economy_gdp_real,False,GdpReal
portfolio-venv-core-in-process,GET,/api/v1/economy/shipping/port_info,activatable,economy_shipping_port_info,False,PortInfo
portfolio-venv-core-in-process,GET,/api/v1/economy/shipping/port_volume,activatable,economy_shipping_port_volume,False,PortVolume
portfolio-venv-core-in-process,GET,/api/v1/economy/shipping/chokepoint_info,activatable,economy_shipping_chokepoint_info,False,MaritimeChokePointInfo
portfolio-venv-core-in-process,GET,/api/v1/economy/shipping/chokepoint_volume,activatable,economy_shipping_chokepoint_volume,False,MaritimeChokePointVolume
portfolio-venv-core-in-process,GET,/api/v1/economy/survey/bls_series,activatable,economy_survey_bls_series,False,BlsSeries
portfolio-venv-core-in-process,GET,/api/v1/economy/survey/bls_search,activatable,economy_survey_bls_search,False,BlsSearch
portfolio-venv-core-in-process,GET,/api/v1/economy/survey/sloos,activatable,economy_survey_sloos,False,SeniorLoanOfficerSurvey
portfolio-venv-core-in-process,GET,/api/v1/economy/survey/university_of_michigan,activatable,economy_survey_university_of_michigan,False,UniversityOfMichigan
portfolio-venv-core-in-process,GET,/api/v1/economy/survey/economic_conditions_chicago,activatable,economy_survey_economic_conditions_chicago,False,SurveyOfEconomicConditionsChicago
portfolio-venv-core-in-process,GET,/api/v1/economy/survey/manufacturing_outlook_texas,activatable,economy_survey_manufacturing_outlook_texas,False,ManufacturingOutlookTexas
portfolio-venv-core-in-process,GET,/api/v1/economy/survey/manufacturing_outlook_ny,activatable,economy_survey_manufacturing_outlook_ny,False,ManufacturingOutlookNY
portfolio-venv-core-in-process,GET,/api/v1/economy/survey/nonfarm_payrolls,activatable,economy_survey_nonfarm_payrolls,False,NonFarmPayrolls
portfolio-venv-core-in-process,GET,/api/v1/economy/survey/inflation_expectations,activatable,economy_survey_inflation_expectations,False,InflationExpectations
portfolio-venv-core-in-process,GET,/api/v1/economy/calendar,activatable,economy_calendar,True,EconomicCalendar
portfolio-venv-core-in-process,GET,/api/v1/economy/cpi,activatable,economy_cpi,False,ConsumerPriceIndex
portfolio-venv-core-in-process,GET,/api/v1/economy/risk_premium,activatable,economy_risk_premium,True,RiskPremium
portfolio-venv-core-in-process,GET,/api/v1/economy/balance_of_payments,activatable,economy_balance_of_payments,False,BalanceOfPayments
portfolio-venv-core-in-process,GET,/api/v1/economy/fred_search,activatable,economy_fred_search,False,FredSearch
portfolio-venv-core-in-process,GET,/api/v1/economy/fred_series,activatable,economy_fred_series,False,FredSeries
portfolio-venv-core-in-process,GET,/api/v1/economy/fred_release_table,activatable,economy_fred_release_table,False,FredReleaseTable
portfolio-venv-core-in-process,GET,/api/v1/economy/money_measures,activatable,economy_money_measures,False,MoneyMeasures
portfolio-venv-core-in-process,GET,/api/v1/economy/unemployment,activatable,economy_unemployment,False,Unemployment
portfolio-venv-core-in-process,GET,/api/v1/economy/composite_leading_indicator,activatable,economy_composite_leading_indicator,False,CompositeLeadingIndicator
portfolio-venv-core-in-process,GET,/api/v1/economy/fred_regional,activatable,economy_fred_regional,False,FredRegional
portfolio-venv-core-in-process,GET,/api/v1/economy/country_profile,activatable,economy_country_profile,False,CountryProfile
portfolio-venv-core-in-process,GET,/api/v1/economy/available_indicators,activatable,economy_available_indicators,False,AvailableIndicators
portfolio-venv-core-in-process,GET,/api/v1/economy/indicators,activatable,economy_indicators,True,EconomicIndicators
portfolio-venv-core-in-process,GET,/api/v1/economy/central_bank_holdings,activatable,economy_central_bank_holdings,False,CentralBankHoldings
portfolio-venv-core-in-process,GET,/api/v1/economy/share_price_index,activatable,economy_share_price_index,False,SharePriceIndex
portfolio-venv-core-in-process,GET,/api/v1/economy/house_price_index,activatable,economy_house_price_index,False,HousePriceIndex
portfolio-venv-core-in-process,GET,/api/v1/economy/interest_rates,activatable,economy_interest_rates,False,CountryInterestRates
portfolio-venv-core-in-process,GET,/api/v1/economy/retail_prices,activatable,economy_retail_prices,False,RetailPrices
portfolio-venv-core-in-process,GET,/api/v1/economy/primary_dealer_positioning,activatable,economy_primary_dealer_positioning,False,PrimaryDealerPositioning
portfolio-venv-core-in-process,GET,/api/v1/economy/pce,activatable,economy_pce,False,PersonalConsumptionExpenditures
portfolio-venv-core-in-process,GET,/api/v1/economy/export_destinations,activatable,economy_export_destinations,False,ExportDestinations
portfolio-venv-core-in-process,GET,/api/v1/economy/primary_dealer_fails,activatable,economy_primary_dealer_fails,False,PrimaryDealerFails
portfolio-venv-core-in-process,GET,/api/v1/economy/direction_of_trade,activatable,economy_direction_of_trade,False,DirectionOfTrade
portfolio-venv-core-in-process,GET,/api/v1/economy/fomc_documents,activatable,economy_fomc_documents,False,FomcDocuments
portfolio-venv-core-in-process,GET,/api/v1/economy/total_factor_productivity,activatable,economy_total_factor_productivity,False,TotalFactorProductivity
portfolio-venv-core-in-process,GET,/api/v1/equity/calendar/ipo,activatable,equity_calendar_ipo,True,CalendarIpo
portfolio-venv-core-in-process,GET,/api/v1/equity/calendar/dividend,activatable,equity_calendar_dividend,True,CalendarDividend
portfolio-venv-core-in-process,GET,/api/v1/equity/calendar/splits,activatable,equity_calendar_splits,True,CalendarSplits
portfolio-venv-core-in-process,GET,/api/v1/equity/calendar/events,activatable,equity_calendar_events,True,CalendarEvents
portfolio-venv-core-in-process,GET,/api/v1/equity/calendar/earnings,activatable,equity_calendar_earnings,True,CalendarEarnings
portfolio-venv-core-in-process,GET,/api/v1/equity/compare/peers,activatable,equity_compare_peers,True,EquityPeers
portfolio-venv-core-in-process,GET,/api/v1/equity/compare/company_facts,activatable,equity_compare_company_facts,False,CompareCompanyFacts
portfolio-venv-core-in-process,GET,/api/v1/equity/estimates/price_target,activatable,equity_estimates_price_target,True,PriceTarget
portfolio-venv-core-in-process,GET,/api/v1/equity/estimates/historical,activatable,equity_estimates_historical,True,AnalystEstimates
portfolio-venv-core-in-process,GET,/api/v1/equity/estimates/consensus,activatable,equity_estimates_consensus,True,PriceTargetConsensus
portfolio-venv-core-in-process,GET,/api/v1/equity/estimates/analyst_search,activatable,equity_estimates_analyst_search,False,AnalystSearch
portfolio-venv-core-in-process,GET,/api/v1/equity/estimates/forward_sales,activatable,equity_estimates_forward_sales,False,ForwardSalesEstimates
portfolio-venv-core-in-process,GET,/api/v1/equity/estimates/forward_ebitda,activatable,equity_estimates_forward_ebitda,True,ForwardEbitdaEstimates
portfolio-venv-core-in-process,GET,/api/v1/equity/estimates/forward_eps,activatable,equity_estimates_forward_eps,True,ForwardEpsEstimates
portfolio-venv-core-in-process,GET,/api/v1/equity/estimates/forward_pe,activatable,equity_estimates_forward_pe,False,ForwardPeEstimates
portfolio-venv-core-in-process,GET,/api/v1/equity/discovery/gainers,activatable,equity_discovery_gainers,True,EquityGainers
portfolio-venv-core-in-process,GET,/api/v1/equity/discovery/losers,activatable,equity_discovery_losers,True,EquityLosers
portfolio-venv-core-in-process,GET,/api/v1/equity/discovery/active,activatable,equity_discovery_active,True,EquityActive
portfolio-venv-core-in-process,GET,/api/v1/equity/discovery/undervalued_large_caps,activatable,equity_discovery_undervalued_large_caps,False,EquityUndervaluedLargeCaps
portfolio-venv-core-in-process,GET,/api/v1/equity/discovery/undervalued_growth,activatable,equity_discovery_undervalued_growth,False,EquityUndervaluedGrowth
portfolio-venv-core-in-process,GET,/api/v1/equity/discovery/aggressive_small_caps,activatable,equity_discovery_aggressive_small_caps,False,EquityAggressiveSmallCaps
portfolio-venv-core-in-process,GET,/api/v1/equity/discovery/growth_tech,activatable,equity_discovery_growth_tech,False,GrowthTechEquities
portfolio-venv-core-in-process,GET,/api/v1/equity/discovery/filings,activatable,equity_discovery_filings,True,DiscoveryFilings
portfolio-venv-core-in-process,GET,/api/v1/equity/discovery/latest_financial_reports,activatable,equity_discovery_latest_financial_reports,False,LatestFinancialReports
portfolio-venv-core-in-process,GET,/api/v1/equity/fundamental/balance,activatable,equity_fundamental_balance,True,BalanceSheet
portfolio-venv-core-in-process,GET,/api/v1/equity/fundamental/balance_growth,activatable,equity_fundamental_balance_growth,True,BalanceSheetGrowth
portfolio-venv-core-in-process,GET,/api/v1/equity/fundamental/cash,activatable,equity_fundamental_cash,True,CashFlowStatement
portfolio-venv-core-in-process,GET,/api/v1/equity/fundamental/reported_financials,activatable,equity_fundamental_reported_financials,False,ReportedFinancials
portfolio-venv-core-in-process,GET,/api/v1/equity/fundamental/cash_growth,activatable,equity_fundamental_cash_growth,True,CashFlowStatementGrowth
portfolio-venv-core-in-process,GET,/api/v1/equity/fundamental/dividends,activatable,equity_fundamental_dividends,True,HistoricalDividends
portfolio-venv-core-in-process,GET,/api/v1/equity/fundamental/historical_eps,activatable,equity_fundamental_historical_eps,True,HistoricalEps
portfolio-venv-core-in-process,GET,/api/v1/equity/fundamental/employee_count,activatable,equity_fundamental_employee_count,True,HistoricalEmployees
portfolio-venv-core-in-process,GET,/api/v1/equity/fundamental/search_attributes,activatable,equity_fundamental_search_attributes,False,SearchAttributes
portfolio-venv-core-in-process,GET,/api/v1/equity/fundamental/latest_attributes,activatable,equity_fundamental_latest_attributes,False,LatestAttributes
portfolio-venv-core-in-process,GET,/api/v1/equity/fundamental/historical_attributes,activatable,equity_fundamental_historical_attributes,False,HistoricalAttributes
portfolio-venv-core-in-process,GET,/api/v1/equity/fundamental/income,activatable,equity_fundamental_income,True,IncomeStatement
portfolio-venv-core-in-process,GET,/api/v1/equity/fundamental/income_growth,activatable,equity_fundamental_income_growth,True,IncomeStatementGrowth
portfolio-venv-core-in-process,GET,/api/v1/equity/fundamental/metrics,activatable,equity_fundamental_metrics,True,KeyMetrics
portfolio-venv-core-in-process,GET,/api/v1/equity/fundamental/management,activatable,equity_fundamental_management,True,KeyExecutives
portfolio-venv-core-in-process,GET,/api/v1/equity/fundamental/management_compensation,activatable,equity_fundamental_management_compensation,True,ExecutiveCompensation
portfolio-venv-core-in-process,GET,/api/v1/equity/fundamental/ratios,activatable,equity_fundamental_ratios,True,FinancialRatios
portfolio-venv-core-in-process,GET,/api/v1/equity/fundamental/revenue_per_geography,activatable,equity_fundamental_revenue_per_geography,True,RevenueGeographic
portfolio-venv-core-in-process,GET,/api/v1/equity/fundamental/revenue_per_segment,activatable,equity_fundamental_revenue_per_segment,True,RevenueBusinessLine
portfolio-venv-core-in-process,GET,/api/v1/equity/fundamental/filings,activatable,equity_fundamental_filings,True,CompanyFilings
portfolio-venv-core-in-process,GET,/api/v1/equity/fundamental/historical_splits,activatable,equity_fundamental_historical_splits,True,HistoricalSplits
portfolio-venv-core-in-process,GET,/api/v1/equity/fundamental/transcript,activatable,equity_fundamental_transcript,True,EarningsCallTranscript
portfolio-venv-core-in-process,GET,/api/v1/equity/fundamental/trailing_dividend_yield,activatable,equity_fundamental_trailing_dividend_yield,False,TrailingDividendYield
portfolio-venv-core-in-process,GET,/api/v1/equity/fundamental/management_discussion_analysis,activatable,equity_fundamental_management_discussion_analysis,False,ManagementDiscussionAnalysis
portfolio-venv-core-in-process,GET,/api/v1/equity/fundamental/esg_score,activatable,equity_fundamental_esg_score,True,EsgScore
portfolio-venv-core-in-process,GET,/api/v1/equity/ownership/major_holders,activatable,equity_ownership_major_holders,True,EquityOwnership
portfolio-venv-core-in-process,GET,/api/v1/equity/ownership/institutional,activatable,equity_ownership_institutional,True,InstitutionalOwnership
portfolio-venv-core-in-process,GET,/api/v1/equity/ownership/insider_trading,activatable,equity_ownership_insider_trading,True,InsiderTrading
portfolio-venv-core-in-process,GET,/api/v1/equity/ownership/share_statistics,activatable,equity_ownership_share_statistics,True,ShareStatistics
portfolio-venv-core-in-process,GET,/api/v1/equity/ownership/form_13f,activatable,equity_ownership_form_13f,False,Form13FHR
portfolio-venv-core-in-process,GET,/api/v1/equity/ownership/government_trades,activatable,equity_ownership_government_trades,True,GovernmentTrades
portfolio-venv-core-in-process,GET,/api/v1/equity/price/quote,activatable,equity_price_quote,True,EquityQuote
portfolio-venv-core-in-process,GET,/api/v1/equity/price/historical,activatable,equity_price_historical,True,EquityHistorical
portfolio-venv-core-in-process,GET,/api/v1/equity/price/performance,activatable,equity_price_performance,True,PricePerformance
portfolio-venv-core-in-process,GET,/api/v1/equity/shorts/fails_to_deliver,activatable,equity_shorts_fails_to_deliver,False,EquityFTD
portfolio-venv-core-in-process,GET,/api/v1/equity/search,activatable,equity_search,False,EquitySearch
portfolio-venv-core-in-process,GET,/api/v1/equity/screener,activatable,equity_screener,True,EquityScreener
portfolio-venv-core-in-process,GET,/api/v1/equity/profile,activatable,equity_profile,True,EquityInfo
portfolio-venv-core-in-process,GET,/api/v1/equity/market_snapshots,activatable,equity_market_snapshots,True,MarketSnapshots
portfolio-venv-core-in-process,GET,/api/v1/equity/historical_market_cap,activatable,equity_historical_market_cap,True,HistoricalMarketCap
portfolio-venv-core-in-process,GET,/api/v1/etf/search,activatable,etf_search,True,EtfSearch
portfolio-venv-core-in-process,GET,/api/v1/etf/historical,activatable,etf_historical,True,EtfHistorical
portfolio-venv-core-in-process,GET,/api/v1/etf/info,activatable,etf_info,True,EtfInfo
portfolio-venv-core-in-process,GET,/api/v1/etf/sectors,activatable,etf_sectors,True,EtfSectors
portfolio-venv-core-in-process,GET,/api/v1/etf/countries,activatable,etf_countries,True,EtfCountries
portfolio-venv-core-in-process,GET,/api/v1/etf/price_performance,activatable,etf_price_performance,True,EtfPricePerformance
portfolio-venv-core-in-process,GET,/api/v1/etf/holdings,activatable,etf_holdings,True,EtfHoldings
portfolio-venv-core-in-process,GET,/api/v1/etf/nport_disclosure,activatable,etf_nport_disclosure,True,NportDisclosure
portfolio-venv-core-in-process,GET,/api/v1/etf/equity_exposure,activatable,etf_equity_exposure,True,EtfEquityExposure
portfolio-venv-core-in-process,GET,/api/v1/fixedincome/rate/ameribor,activatable,fixedincome_rate_ameribor,False,Ameribor
portfolio-venv-core-in-process,GET,/api/v1/fixedincome/rate/sonia,activatable,fixedincome_rate_sonia,False,SONIA
portfolio-venv-core-in-process,GET,/api/v1/fixedincome/rate/sofr,activatable,fixedincome_rate_sofr,False,SOFR
portfolio-venv-core-in-process,GET,/api/v1/fixedincome/rate/iorb,activatable,fixedincome_rate_iorb,False,IORB
portfolio-venv-core-in-process,GET,/api/v1/fixedincome/rate/effr,activatable,fixedincome_rate_effr,False,FederalFundsRate
portfolio-venv-core-in-process,GET,/api/v1/fixedincome/rate/effr_forecast,activatable,fixedincome_rate_effr_forecast,False,PROJECTIONS
portfolio-venv-core-in-process,GET,/api/v1/fixedincome/rate/estr,activatable,fixedincome_rate_estr,False,EuroShortTermRate
portfolio-venv-core-in-process,GET,/api/v1/fixedincome/rate/ecb,activatable,fixedincome_rate_ecb,False,EuropeanCentralBankInterestRates
portfolio-venv-core-in-process,GET,/api/v1/fixedincome/rate/dpcredit,activatable,fixedincome_rate_dpcredit,False,DiscountWindowPrimaryCreditRate
portfolio-venv-core-in-process,GET,/api/v1/fixedincome/rate/overnight_bank_funding,activatable,fixedincome_rate_overnight_bank_funding,False,OvernightBankFundingRate
portfolio-venv-core-in-process,GET,/api/v1/fixedincome/spreads/tcm,activatable,fixedincome_spreads_tcm,False,TreasuryConstantMaturity
portfolio-venv-core-in-process,GET,/api/v1/fixedincome/spreads/tcm_effr,activatable,fixedincome_spreads_tcm_effr,False,SelectedTreasuryConstantMaturity
portfolio-venv-core-in-process,GET,/api/v1/fixedincome/spreads/treasury_effr,activatable,fixedincome_spreads_treasury_effr,False,SelectedTreasuryBill
portfolio-venv-core-in-process,GET,/api/v1/fixedincome/government/yield_curve,activatable,fixedincome_government_yield_curve,True,YieldCurve
portfolio-venv-core-in-process,GET,/api/v1/fixedincome/government/treasury_rates,activatable,fixedincome_government_treasury_rates,True,TreasuryRates
portfolio-venv-core-in-process,GET,/api/v1/fixedincome/government/treasury_auctions,activatable,fixedincome_government_treasury_auctions,False,TreasuryAuctions
portfolio-venv-core-in-process,GET,/api/v1/fixedincome/government/treasury_prices,activatable,fixedincome_government_treasury_prices,False,TreasuryPrices
portfolio-venv-core-in-process,GET,/api/v1/fixedincome/government/tips_yields,activatable,fixedincome_government_tips_yields,False,TipsYields
portfolio-venv-core-in-process,GET,/api/v1/fixedincome/government/svensson_yield_curve,activatable,fixedincome_government_svensson_yield_curve,False,SvenssonYieldCurve
portfolio-venv-core-in-process,GET,/api/v1/fixedincome/corporate/hqm,activatable,fixedincome_corporate_hqm,False,HighQualityMarketCorporateBond
portfolio-venv-core-in-process,GET,/api/v1/fixedincome/corporate/spot_rates,activatable,fixedincome_corporate_spot_rates,False,SpotRate
portfolio-venv-core-in-process,GET,/api/v1/fixedincome/corporate/commercial_paper,activatable,fixedincome_corporate_commercial_paper,False,CommercialPaper
portfolio-venv-core-in-process,GET,/api/v1/fixedincome/bond_indices,activatable,fixedincome_bond_indices,False,BondIndices
portfolio-venv-core-in-process,GET,/api/v1/fixedincome/mortgage_indices,activatable,fixedincome_mortgage_indices,False,MortgageIndices
portfolio-venv-core-in-process,GET,/api/v1/imf_utils/list_dataflows,activatable,imf_utils_list_dataflows,False,
portfolio-venv-core-in-process,GET,/api/v1/imf_utils/get_dataflow_dimensions,activatable,imf_utils_get_dataflow_dimensions,False,
portfolio-venv-core-in-process,GET,/api/v1/imf_utils/list_port_id_choices,activatable,imf_utils_list_port_id_choices,False,
portfolio-venv-core-in-process,GET,/api/v1/imf_utils/list_tables,activatable,imf_utils_list_tables,False,
portfolio-venv-core-in-process,GET,/api/v1/imf_utils/list_table_choices,activatable,imf_utils_list_table_choices,False,
portfolio-venv-core-in-process,GET,/api/v1/imf_utils/list_dataflow_choices,activatable,imf_utils_list_dataflow_choices,False,
portfolio-venv-core-in-process,GET,/api/v1/imf_utils/presentation_table_choices,activatable,imf_utils_presentation_table_choices,False,
portfolio-venv-core-in-process,GET,/api/v1/imf_utils/presentation_table,activatable,imf_utils_presentation_table,False,
portfolio-venv-core-in-process,GET,/api/v1/index/price/historical,activatable,index_price_historical,True,IndexHistorical
portfolio-venv-core-in-process,GET,/api/v1/index/constituents,activatable,index_constituents,True,IndexConstituents
portfolio-venv-core-in-process,GET,/api/v1/index/snapshots,activatable,index_snapshots,False,IndexSnapshots
portfolio-venv-core-in-process,GET,/api/v1/index/available,activatable,index_available,True,AvailableIndices
portfolio-venv-core-in-process,GET,/api/v1/index/search,activatable,index_search,False,IndexSearch
portfolio-venv-core-in-process,GET,/api/v1/news/world,activatable,news_world,True,WorldNews
portfolio-venv-core-in-process,GET,/api/v1/news/company,activatable,news_company,True,CompanyNews
portfolio-venv-core-in-process,GET,/api/v1/portfolio_intel/about,activatable,portfolio_intel_about,False,
portfolio-venv-core-in-process,POST,/api/v1/portfolio_intel/xray/look_through,activatable,portfolio_intel_xray_look_through,False,
portfolio-venv-core-in-process,POST,/api/v1/portfolio_intel/events/timeline,activatable,portfolio_intel_events_timeline,False,
portfolio-venv-core-in-process,POST,/api/v1/portfolio_intel/smart_money/rollup,activatable,portfolio_intel_smart_money_rollup,False,
portfolio-venv-core-in-process,POST,/api/v1/portfolio_intel/risk/metrics,activatable,portfolio_intel_risk_metrics,False,
portfolio-venv-core-in-process,POST,/api/v1/portfolio_intel/risk/concentration,activatable,portfolio_intel_risk_concentration,False,
portfolio-venv-core-in-process,POST,/api/v1/portfolio_intel/news/timeline,activatable,portfolio_intel_news_timeline,True,
portfolio-venv-core-in-process,POST,/api/v1/portfolio_intel/sentiment/rollup,activatable,portfolio_intel_sentiment_rollup,True,
portfolio-venv-core-in-process,POST,/api/v1/portfolio_intel/backtest/run,activatable,portfolio_intel_backtest_run,True,
portfolio-venv-core-in-process,POST,/api/v1/portfolio_intel/paper/alerts,activatable,portfolio_intel_paper_alerts,False,
portfolio-venv-core-in-process,GET,/api/v1/regime/detect,activatable,regime_detect,True,
portfolio-venv-core-in-process,GET,/api/v1/regulators/sec/filing_headers,activatable,regulators_sec_filing_headers,False,SecFiling
portfolio-venv-core-in-process,GET,/api/v1/regulators/sec/htm_file,activatable,regulators_sec_htm_file,False,SecHtmFile
portfolio-venv-core-in-process,GET,/api/v1/regulators/sec/cik_map,activatable,regulators_sec_cik_map,False,CikMap
portfolio-venv-core-in-process,GET,/api/v1/regulators/sec/institutions_search,activatable,regulators_sec_institutions_search,False,InstitutionsSearch
portfolio-venv-core-in-process,GET,/api/v1/regulators/sec/schema_files,activatable,regulators_sec_schema_files,False,SchemaFiles
portfolio-venv-core-in-process,GET,/api/v1/regulators/sec/symbol_map,activatable,regulators_sec_symbol_map,False,SymbolMap
portfolio-venv-core-in-process,GET,/api/v1/regulators/sec/rss_litigation,activatable,regulators_sec_rss_litigation,False,RssLitigation
portfolio-venv-core-in-process,GET,/api/v1/regulators/sec/sic_search,activatable,regulators_sec_sic_search,False,SicSearch
portfolio-venv-core-in-process,GET,/api/v1/techtrade/segments,activatable,techtrade_segments,False,
portfolio-venv-core-in-process,GET,/api/v1/techtrade/movers,activatable,techtrade_movers,False,
portfolio-venv-core-in-process,GET,/api/v1/techtrade/signals,activatable,techtrade_signals,False,
portfolio-venv-core-in-process,GET,/api/v1/techtrade/plan,activatable,techtrade_plan,False,
portfolio-venv-core-in-process,GET,/api/v1/techtrade/orders,activatable,techtrade_orders,False,
portfolio-venv-core-in-process,GET,/api/v1/techtrade/simulate,activatable,techtrade_simulate,False,
portfolio-venv-core-in-process,GET,/api/v1/techtrade/scan,activatable,techtrade_scan,False,
portfolio-venv-core-in-process,POST,/api/v1/techtrade/export,activatable,techtrade_export,False,
portfolio-venv-core-in-process,POST,/api/v1/techtrade/validate,activatable,techtrade_validate,False,
portfolio-venv-core-in-process,POST,/api/v1/techtrade/tune,activatable,techtrade_tune,False,
portfolio-venv-core-in-process,GET,/api/v1/techtrade/about,activatable,techtrade_about,False,
portfolio-venv-core-in-process,GET,/api/v1/uscongress/bills,activatable,uscongress_bills,False,CongressBills
portfolio-venv-core-in-process,GET,/api/v1/uscongress/bill_text_urls,activatable,uscongress_bill_text_urls,False,
portfolio-venv-core-in-process,GET,/api/v1/uscongress/bill_info,activatable,uscongress_bill_info,False,CongressBillInfo
portfolio-venv-core-in-process,POST,/api/v1/uscongress/bill_text,activatable,uscongress_bill_text,False,CongressBillText
portfolio-venv-core-in-process,GET,/api/v1/uscongress/amendments,activatable,uscongress_amendments,False,CongressAmendments
portfolio-venv-core-in-process,GET,/api/v1/uscongress/amendment_text_urls,activatable,uscongress_amendment_text_urls,False,
portfolio-venv-core-in-process,GET,/api/v1/uscongress/amendment_info,activatable,uscongress_amendment_info,False,CongressAmendmentInfo
portfolio-venv-core-in-process,POST,/api/v1/uscongress/amendment_text,activatable,uscongress_amendment_text,False,CongressAmendmentText
portfolio-venv-core-in-process,GET,/api/v1/uscongress/committee_info,activatable,uscongress_committee_info,False,CongressCommitteeInfo
portfolio-venv-core-in-process,GET,/api/v1/uscongress/committee_documents,activatable,uscongress_committee_documents,False,CongressCommitteeDocuments
portfolio-venv-core-in-process,GET,/api/v1/uscongress/committee_choices,activatable,uscongress_committee_choices,False,
portfolio-venv-core-in-process,GET,/api/v1/uscongress/committee_document_urls,activatable,uscongress_committee_document_urls,False,
portfolio-venv-core-in-process,GET,/api/v1/coverage/command_model,excluded-coverage-metadata,,False,
portfolio-venv-core-in-process,GET,/api/v1/coverage/providers,excluded-coverage-metadata,,False,
portfolio-venv-core-in-process,GET,/api/v1/coverage/commands,excluded-coverage-metadata,,False,
live-portfolio-custom,GET,/portfolio/positions,activatable,portfolio_portfolio_positions,False,
live-portfolio-custom,GET,/portfolio/summary,activatable,portfolio_portfolio_summary,False,
live-portfolio-custom,GET,/portfolio/allocation,activatable,portfolio_portfolio_allocation,False,
live-portfolio-custom,GET,/portfolio/cost_basis,activatable,portfolio_portfolio_cost_basis,False,
live-portfolio-custom,GET,/portfolio/tax_summary,activatable,portfolio_portfolio_tax_summary,False,
live-portfolio-custom,GET,/portfolio/performance,activatable,portfolio_portfolio_performance,False,
live-portfolio-custom,GET,/portfolio/snapshots,activatable,portfolio_portfolio_snapshots,False,
live-portfolio-custom,GET,/espp/purchases,activatable,portfolio_espp_purchases,False,
live-portfolio-custom,GET,/equity/historical,activatable,portfolio_equity_historical,False,
live-portfolio-custom,GET,/market/quote,activatable,portfolio_market_quote,False,
live-portfolio-custom,GET,/market/historical,activatable,portfolio_market_historical,False,
live-portfolio-custom,GET,/stock/context,activatable,portfolio_stock_context,False,
live-portfolio-custom,GET,/stock/profile,activatable,portfolio_stock_profile,False,
live-portfolio-custom,GET,/stock/fundamentals,activatable,portfolio_stock_fundamentals,False,
live-portfolio-custom,GET,/stock/technicals,activatable,portfolio_stock_technicals,False,
live-portfolio-custom,GET,/stock/valuation,activatable,portfolio_stock_valuation,False,
live-portfolio-custom,GET,/stock/risk,activatable,portfolio_stock_risk,False,
live-portfolio-custom,GET,/stock/relative,activatable,portfolio_stock_relative,False,
live-portfolio-custom,GET,/stock/decision,activatable,portfolio_stock_decision,False,
live-intelligence-custom,GET,/,not-mounted-in-default-core-app,,False,
live-intelligence-custom,GET,/widgets.json,not-mounted-in-default-core-app,,False,
live-intelligence-custom,GET,/apps.json,not-mounted-in-default-core-app,,False,
live-intelligence-custom,GET,/pi/context/symbol,activatable,intelligence_pi_context_symbol,False,
live-intelligence-custom,GET,/pi/context/book,activatable,intelligence_pi_context_book,False,
live-intelligence-custom,GET,/pi/xray/sector,activatable,intelligence_pi_xray_sector,False,
live-intelligence-custom,GET,/pi/whatif,activatable,intelligence_pi_whatif,False,
live-intelligence-custom,GET,/pi/attribution,activatable,intelligence_pi_attribution,False,
live-intelligence-custom,GET,/pi/xray/country,activatable,intelligence_pi_xray_country,False,
live-intelligence-custom,GET,/pi/lookthrough/top25,activatable,intelligence_pi_lookthrough_top25,False,
live-intelligence-custom,GET,/pi/concentration,activatable,intelligence_pi_concentration,False,
live-intelligence-custom,GET,/pi/events/calendar,activatable,intelligence_pi_events_calendar,False,
live-intelligence-custom,GET,/pi/smart-money/ribbon,activatable,intelligence_pi_smart_money_ribbon,False,
live-intelligence-custom,GET,/pi/risk/dashboard,activatable,intelligence_pi_risk_dashboard,False,
live-intelligence-custom,GET,/pi/risk/vol,activatable,intelligence_pi_risk_vol,False,
live-intelligence-custom,GET,/pi/paper/ticket,not-mounted-in-default-core-app,,False,
live-intelligence-custom,GET,/pi/paper/blotter,activatable,intelligence_pi_paper_blotter,False,
live-intelligence-custom,GET,/pi/paper/performance,activatable,intelligence_pi_paper_performance,False,
live-intelligence-custom,GET,/pi/paper/perf-kpis,activatable,intelligence_pi_paper_perf_kpis,False,
live-intelligence-custom,GET,/pi/whatif/card,activatable,intelligence_pi_whatif_card,False,
live-intelligence-custom,GET,/pi/news,activatable,intelligence_pi_news,False,
live-intelligence-custom,GET,/pi/sentiment,activatable,intelligence_pi_sentiment,False,
live-intelligence-custom,GET,/pi/alerts,activatable,intelligence_pi_alerts,False,
live-intelligence-custom,GET,/pi/backtest/oneclick,not-mounted-in-default-core-app,,False,
live-intelligence-custom,GET,/pi/equity/header,activatable,intelligence_pi_equity_header,False,
live-intelligence-custom,GET,/pi/equity/key-stats,activatable,intelligence_pi_equity_key_stats,False,
live-intelligence-custom,GET,/pi/equity/financials,activatable,intelligence_pi_equity_financials,False,
live-intelligence-custom,GET,/pi/equity/technicals,activatable,intelligence_pi_equity_technicals,False,
live-intelligence-custom,GET,/pi/equity/analyst-forecasts,activatable,intelligence_pi_equity_analyst_forecasts,False,
live-intelligence-custom,GET,/pi/equity/complementary,activatable,intelligence_pi_equity_complementary,False,
live-intelligence-custom,GET,/pi/equity/competitors,activatable,intelligence_pi_equity_competitors,False,
live-intelligence-custom,GET,/pi/equity/price-history,activatable,intelligence_pi_equity_price_history,False,
live-intelligence-custom,GET,/pi/equity/price-performance,activatable,intelligence_pi_equity_price_performance,False,
live-intelligence-custom,GET,/pi/equity/management-team,activatable,intelligence_pi_equity_management_team,False,
live-intelligence-custom,GET,/pi/equity/revenue-geography,activatable,intelligence_pi_equity_revenue_geography,False,
live-intelligence-custom,GET,/pi/equity/revenue-business-line,activatable,intelligence_pi_equity_revenue_business_line,False,
live-intelligence-custom,GET,/pi/equity/institutional-ownership,activatable,intelligence_pi_equity_institutional_ownership,False,
live-intelligence-custom,GET,/pi/equity/stock-ownership,activatable,intelligence_pi_equity_stock_ownership,False,
live-intelligence-custom,GET,/pi/equity/insider-trading,activatable,intelligence_pi_equity_insider_trading,False,
live-intelligence-custom,GET,/pi/equity/earnings-history,activatable,intelligence_pi_equity_earnings_history,False,
live-intelligence-custom,GET,/pi/equity/stock-splits,activatable,intelligence_pi_equity_stock_splits,False,
live-intelligence-custom,GET,/pi/equity/dividend-payment,activatable,intelligence_pi_equity_dividend_payment,False,
live-intelligence-custom,GET,/pi/equity/company-filings,activatable,intelligence_pi_equity_company_filings,False,
live-intelligence-custom,GET,/pi/equity/earnings-transcripts,activatable,intelligence_pi_equity_earnings_transcripts,False,
live-intelligence-custom,GET,/pi/equity/price-target-history,activatable,intelligence_pi_equity_price_target_history,False,
live-intelligence-custom,GET,/pi/equity/statements,activatable,intelligence_pi_equity_statements,False,
live-intelligence-custom,GET,/pi/equity/charting,activatable,intelligence_pi_equity_charting,False,
live-intelligence-custom,GET,/pi/equity/peer-multiples,activatable,intelligence_pi_equity_peer_multiples,False,
live-intelligence-custom,GET,/tt/scan/segment-movers,activatable,intelligence_tt_scan_segment_movers,False,
live-intelligence-custom,GET,/tt/scan/table,activatable,intelligence_tt_scan_table,False,
live-intelligence-custom,GET,/tt/scan/export,activatable,intelligence_tt_scan_export,False,
live-intelligence-custom,POST,/tt/scan/trigger,activatable,intelligence_tt_scan_trigger,False,
live-intelligence-custom,GET,/pi/health/providers,activatable,intelligence_pi_health_providers,False,
live-intelligence-custom,GET,/pi/context/provenance,activatable,intelligence_pi_context_provenance,False,
live-intelligence-custom,GET,/pi/equity/basket-analyst-consensus,activatable,intelligence_pi_equity_basket_analyst_consensus,False,
live-intelligence-custom,GET,/tt/position/signal-card,activatable,intelligence_tt_position_signal_card,False,
live-intelligence-custom,GET,/tt/position/plan-card,activatable,intelligence_tt_position_plan_card,False,
live-intelligence-custom,GET,/tt/position/order-legs,activatable,intelligence_tt_position_order_legs,False,
live-intelligence-custom,GET,/tt/position/simulate,activatable,intelligence_tt_position_simulate,False,
live-intelligence-custom,GET,/tt/validation/verdict,activatable,intelligence_tt_validation_verdict,False,
live-intelligence-custom,GET,/tt/tuning/report,activatable,intelligence_tt_tuning_report,False,
live-intelligence-custom,GET,/tt/audit/journal,activatable,intelligence_tt_audit_journal,False,
live-intelligence-custom,GET,/tt/engine/status,activatable,intelligence_tt_engine_status,False,
live-intelligence-custom,GET,/tt/execute/bridge,activatable,intelligence_tt_execute_bridge,False,
live-intelligence-custom,GET,/tt/execute/paper-status/markdown,activatable,intelligence_tt_execute_paper_status_markdown,False,
live-intelligence-custom,POST,/tt/execute/approve-plan,not-mounted-in-default-core-app,,False,
live-intelligence-custom,POST,/tt/execute/write-batch,not-mounted-in-default-core-app,,False,
live-intelligence-custom,POST,/tt/execute/cancel,not-mounted-in-default-core-app,,False,
live-intelligence-custom,GET,/tt/execute/paper-status,activatable,intelligence_tt_execute_paper_status,False,
portfolio-venv-core-in-process,GET,/api/v1/fmp_cached/stock_list,activatable,fmp_cached_stock_list,True,StockList
portfolio-venv-core-in-process,GET,/api/v1/fmp_cached/etf_list,activatable,fmp_cached_etf_list,True,EtfList
portfolio-venv-core-in-process,GET,/api/v1/fmp_cached/actively_trading_list,activatable,fmp_cached_actively_trading_list,True,ActivelyTradingList
portfolio-venv-core-in-process,GET,/api/v1/fmp_cached/available_countries,activatable,fmp_cached_available_countries,True,AvailableCountries
portfolio-venv-core-in-process,GET,/api/v1/fmp_cached/available_exchanges,activatable,fmp_cached_available_exchanges,True,AvailableExchanges
portfolio-venv-core-in-process,GET,/api/v1/fmp_cached/available_industries,activatable,fmp_cached_available_industries,True,AvailableIndustries
portfolio-venv-core-in-process,GET,/api/v1/fmp_cached/available_sectors,activatable,fmp_cached_available_sectors,True,AvailableSectors
portfolio-venv-core-in-process,GET,/api/v1/fmp_cached/commodities_list,activatable,fmp_cached_commodities_list,True,CommoditiesList
portfolio-venv-core-in-process,GET,/api/v1/fmp_cached/cryptocurrency_list,activatable,fmp_cached_cryptocurrency_list,True,CryptocurrencyList
portfolio-venv-core-in-process,GET,/api/v1/fmp_cached/forex_list,activatable,fmp_cached_forex_list,True,ForexList
portfolio-venv-core-in-process,GET,/api/v1/fmp_cached/index_list,activatable,fmp_cached_index_list,True,IndexList
portfolio-venv-core-in-process,GET,/api/v1/fmp_cached/dowjones_constituent,activatable,fmp_cached_dowjones_constituent,True,DowjonesConstituent
portfolio-venv-core-in-process,GET,/api/v1/fmp_cached/nasdaq_constituent,activatable,fmp_cached_nasdaq_constituent,True,NasdaqConstituent
portfolio-venv-core-in-process,GET,/api/v1/fmp_cached/sp500_constituent,activatable,fmp_cached_sp500_constituent,True,Sp500Constituent
portfolio-venv-core-in-process,GET,/api/v1/fmp_cached/historical_dowjones_constituent,activatable,fmp_cached_historical_dowjones_constituent,True,HistoricalDowjonesConstituent
portfolio-venv-core-in-process,GET,/api/v1/fmp_cached/historical_nasdaq_constituent,activatable,fmp_cached_historical_nasdaq_constituent,True,HistoricalNasdaqConstituent
portfolio-venv-core-in-process,GET,/api/v1/fmp_cached/historical_sp500_constituent,activatable,fmp_cached_historical_sp500_constituent,True,HistoricalSp500Constituent
portfolio-venv-core-in-process,GET,/api/v1/fmp_cached/market_risk_premium,activatable,fmp_cached_market_risk_premium,True,MarketRiskPremium
portfolio-venv-core-in-process,GET,/api/v1/fmp_cached/risk_premium,activatable,fmp_cached_risk_premium,True,RiskPremium
portfolio-venv-core-in-process,GET,/api/v1/fmp_cached/symbol_change,activatable,fmp_cached_symbol_change,True,SymbolChange
portfolio-venv-core-in-process,GET,/api/v1/fmp_cached/shares_float_all,activatable,fmp_cached_shares_float_all,True,SharesFloatAll
portfolio-venv-core-in-process,GET,/api/v1/fmp_cached/search_cik,activatable,fmp_cached_search_cik,True,SearchCik
portfolio-venv-core-in-process,GET,/api/v1/fmp_cached/search_cusip,activatable,fmp_cached_search_cusip,True,SearchCusip
portfolio-venv-core-in-process,GET,/api/v1/fmp_cached/search_isin,activatable,fmp_cached_search_isin,True,SearchIsin
portfolio-venv-core-in-process,GET,/api/v1/fmp_cached/search_name,activatable,fmp_cached_search_name,True,SearchName
portfolio-venv-core-in-process,GET,/api/v1/fmp_cached/search_symbol,activatable,fmp_cached_search_symbol,True,SearchSymbol
portfolio-venv-core-in-process,GET,/api/v1/fmp_cached/search_exchange_variants,activatable,fmp_cached_search_exchange_variants,True,SearchExchangeVariants
portfolio-venv-core-in-process,GET,/api/v1/fmp_cached/market_cap,activatable,fmp_cached_market_cap,True,MarketCap
portfolio-venv-core-in-process,GET,/api/v1/fmp_cached/shares_float,activatable,fmp_cached_shares_float,True,SharesFloat
portfolio-venv-core-in-process,GET,/api/v1/fmp_cached/stock_price_change,activatable,fmp_cached_stock_price_change,True,StockPriceChange
portfolio-venv-core-in-process,GET,/api/v1/fmp_cached/stock_quote,activatable,fmp_cached_stock_quote,True,StockQuote
portfolio-venv-core-in-process,GET,/api/v1/fmp_cached/stock_quote_short,activatable,fmp_cached_stock_quote_short,True,StockQuoteShort
portfolio-venv-core-in-process,GET,/api/v1/fmp_cached/market_cap_batch,activatable,fmp_cached_market_cap_batch,True,MarketCapBatch
portfolio-venv-core-in-process,GET,/api/v1/fmp_cached/batch_quote,activatable,fmp_cached_batch_quote,True,BatchQuote
portfolio-venv-core-in-process,GET,/api/v1/fmp_cached/batch_quote_short,activatable,fmp_cached_batch_quote_short,True,BatchQuoteShort
portfolio-venv-core-in-process,GET,/api/v1/fmp_cached/batch_aftermarket_trade,activatable,fmp_cached_batch_aftermarket_trade,True,BatchAftermarketTrade
portfolio-venv-core-in-process,GET,/api/v1/fmp_cached/batch_aftermarket_quote,activatable,fmp_cached_batch_aftermarket_quote,True,BatchAftermarketQuote
portfolio-venv-core-in-process,GET,/api/v1/fmp_cached/all_exchange_market_hours,activatable,fmp_cached_all_exchange_market_hours,True,AllExchangeMarketHours
portfolio-venv-core-in-process,GET,/api/v1/fmp_cached/equity_intraday_historical,activatable,fmp_cached_equity_intraday_historical,True,EquityIntradayHistorical
portfolio-venv-core-in-process,GET,/api/v1/fmp_cached/exchange_market_hours,activatable,fmp_cached_exchange_market_hours,True,ExchangeMarketHours
portfolio-venv-core-in-process,GET,/api/v1/fmp_cached/aftermarket_trade,activatable,fmp_cached_aftermarket_trade,True,AftermarketTrade
portfolio-venv-core-in-process,GET,/api/v1/fmp_cached/aftermarket_quote,activatable,fmp_cached_aftermarket_quote,True,AftermarketQuote
portfolio-venv-core-in-process,GET,/api/v1/fmp_cached/company_notes,activatable,fmp_cached_company_notes,True,CompanyNotes
portfolio-venv-core-in-process,GET,/api/v1/fmp_cached/executive_compensation_benchmark,activatable,fmp_cached_executive_compensation_benchmark,True,ExecutiveCompensationBenchmark
portfolio-venv-core-in-process,GET,/api/v1/fmp_cached/holidays_by_exchange,activatable,fmp_cached_holidays_by_exchange,True,HolidaysByExchange
portfolio-venv-core-in-process,GET,/api/v1/fmp_cached/technical_indicator_intraday,activatable,fmp_cached_technical_indicator_intraday,True,TechnicalIndicatorIntraday
portfolio-venv-core-in-process,GET,/api/v1/fmp_cached/equity_quote_batch_short,activatable,fmp_cached_equity_quote_batch_short,True,EquityQuoteBatchShort
portfolio-venv-core-in-process,GET,/api/v1/fmp_cached/analyst_recommendations,activatable,fmp_cached_analyst_recommendations,True,AnalystRecommendations
portfolio-venv-core-in-process,GET,/api/v1/fmp_cached/ratings_snapshot,activatable,fmp_cached_ratings_snapshot,True,RatingsSnapshot
portfolio-venv-core-in-process,GET,/api/v1/fmp_cached/ratings_historical,activatable,fmp_cached_ratings_historical,True,RatingsHistorical
portfolio-venv-core-in-process,GET,/api/v1/fmp_cached/price_target_summary,activatable,fmp_cached_price_target_summary,True,PriceTargetSummary
portfolio-venv-core-in-process,GET,/api/v1/fmp_cached/grades,activatable,fmp_cached_grades,True,Grades
portfolio-venv-core-in-process,GET,/api/v1/fmp_cached/grades_historical,activatable,fmp_cached_grades_historical,True,GradesHistorical
portfolio-venv-core-in-process,GET,/api/v1/fmp_cached/grades_consensus,activatable,fmp_cached_grades_consensus,True,GradesConsensus
portfolio-venv-core-in-process,GET,/api/v1/fmp_cached/sector_performance_snapshot,activatable,fmp_cached_sector_performance_snapshot,True,SectorPerformanceSnapshot
portfolio-venv-core-in-process,GET,/api/v1/fmp_cached/industry_performance_snapshot,activatable,fmp_cached_industry_performance_snapshot,True,IndustryPerformanceSnapshot
portfolio-venv-core-in-process,GET,/api/v1/fmp_cached/sector_pe_snapshot,activatable,fmp_cached_sector_pe_snapshot,True,SectorPeSnapshot
portfolio-venv-core-in-process,GET,/api/v1/fmp_cached/industry_pe_snapshot,activatable,fmp_cached_industry_pe_snapshot,True,IndustryPeSnapshot
portfolio-venv-core-in-process,GET,/api/v1/fmp_cached/historical_sector_performance,activatable,fmp_cached_historical_sector_performance,True,HistoricalSectorPerformance
portfolio-venv-core-in-process,GET,/api/v1/fmp_cached/historical_industry_performance,activatable,fmp_cached_historical_industry_performance,True,HistoricalIndustryPerformance
portfolio-venv-core-in-process,GET,/api/v1/fmp_cached/historical_sector_pe,activatable,fmp_cached_historical_sector_pe,True,HistoricalSectorPe
portfolio-venv-core-in-process,GET,/api/v1/fmp_cached/historical_industry_pe,activatable,fmp_cached_historical_industry_pe,True,HistoricalIndustryPe
portfolio-venv-core-in-process,GET,/api/v1/fmp_cached/key_metrics_ttm,activatable,fmp_cached_key_metrics_ttm,True,KeyMetricsTtm
portfolio-venv-core-in-process,GET,/api/v1/fmp_cached/ratios_ttm,activatable,fmp_cached_ratios_ttm,True,RatiosTtm
portfolio-venv-core-in-process,GET,/api/v1/fmp_cached/financial_scores,activatable,fmp_cached_financial_scores,True,FinancialScores
portfolio-venv-core-in-process,GET,/api/v1/fmp_cached/owner_earnings,activatable,fmp_cached_owner_earnings,True,OwnerEarnings
portfolio-venv-core-in-process,GET,/api/v1/fmp_cached/enterprise_values,activatable,fmp_cached_enterprise_values,True,EnterpriseValues
portfolio-venv-core-in-process,GET,/api/v1/fmp_cached/financial_growth,activatable,fmp_cached_financial_growth,True,FinancialGrowth
portfolio-venv-core-in-process,GET,/api/v1/fmp_cached/financial_reports_dates,activatable,fmp_cached_financial_reports_dates,True,FinancialReportsDates
portfolio-venv-core-in-process,GET,/api/v1/fmp_cached/discounted_cash_flow,activatable,fmp_cached_discounted_cash_flow,True,DiscountedCashFlow
portfolio-venv-core-in-process,GET,/api/v1/fmp_cached/levered_discounted_cash_flow,activatable,fmp_cached_levered_discounted_cash_flow,True,LeveredDiscountedCashFlow
portfolio-venv-core-in-process,GET,/api/v1/fmp_cached/custom_discounted_cash_flow,activatable,fmp_cached_custom_discounted_cash_flow,True,CustomDiscountedCashFlow
portfolio-venv-core-in-process,GET,/api/v1/fmp_cached/custom_levered_discounted_cash_flow,activatable,fmp_cached_custom_levered_discounted_cash_flow,True,CustomLeveredDiscountedCashFlow
portfolio-venv-core-in-process,GET,/api/v1/fmp_cached/profile_cik,activatable,fmp_cached_profile_cik,True,ProfileCik
portfolio-venv-core-in-process,GET,/api/v1/fmp_cached/income_statement_as_reported,activatable,fmp_cached_income_statement_as_reported,True,IncomeStatementAsReported
portfolio-venv-core-in-process,GET,/api/v1/fmp_cached/balance_sheet_statement_as_reported,activatable,fmp_cached_balance_sheet_statement_as_reported,True,BalanceSheetStatementAsReported
portfolio-venv-core-in-process,GET,/api/v1/fmp_cached/cash_flow_statement_as_reported,activatable,fmp_cached_cash_flow_statement_as_reported,True,CashFlowStatementAsReported
portfolio-venv-core-in-process,GET,/api/v1/fmp_cached/financial_statement_full_as_reported,activatable,fmp_cached_financial_statement_full_as_reported,True,FinancialStatementFullAsReported
portfolio-venv-core-in-process,GET,/api/v1/fmp_cached/financial_reports_json,activatable,fmp_cached_financial_reports_json,True,FinancialReportsJson
portfolio-venv-core-in-process,GET,/api/v1/fmp_cached/acquisition_of_beneficial_ownership,activatable,fmp_cached_acquisition_of_beneficial_ownership,True,AcquisitionOfBeneficialOwnership
portfolio-venv-core-in-process,GET,/api/v1/fmp_cached/all_industry_classification,activatable,fmp_cached_all_industry_classification,True,AllIndustryClassification
portfolio-venv-core-in-process,GET,/api/v1/fmp_cached/crowdfunding_offerings,activatable,fmp_cached_crowdfunding_offerings,True,CrowdfundingOfferings
portfolio-venv-core-in-process,GET,/api/v1/fmp_cached/crowdfunding_offerings_latest,activatable,fmp_cached_crowdfunding_offerings_latest,True,CrowdfundingOfferingsLatest
portfolio-venv-core-in-process,GET,/api/v1/fmp_cached/crowdfunding_offerings_search,activatable,fmp_cached_crowdfunding_offerings_search,True,CrowdfundingOfferingsSearch
portfolio-venv-core-in-process,GET,/api/v1/fmp_cached/delisted_companies,activatable,fmp_cached_delisted_companies,True,DelistedCompanies
portfolio-venv-core-in-process,GET,/api/v1/fmp_cached/fundraising,activatable,fmp_cached_fundraising,True,Fundraising
portfolio-venv-core-in-process,GET,/api/v1/fmp_cached/fundraising_latest,activatable,fmp_cached_fundraising_latest,True,FundraisingLatest
portfolio-venv-core-in-process,GET,/api/v1/fmp_cached/fundraising_search,activatable,fmp_cached_fundraising_search,True,FundraisingSearch
portfolio-venv-core-in-process,GET,/api/v1/fmp_cached/industry_classification_search,activatable,fmp_cached_industry_classification_search,True,IndustryClassificationSearch
portfolio-venv-core-in-process,GET,/api/v1/fmp_cached/ipos_disclosure,activatable,fmp_cached_ipos_disclosure,True,IposDisclosure
portfolio-venv-core-in-process,GET,/api/v1/fmp_cached/ipos_prospectus,activatable,fmp_cached_ipos_prospectus,True,IposProspectus
portfolio-venv-core-in-process,GET,/api/v1/fmp_cached/mergers_acquisitions_latest,activatable,fmp_cached_mergers_acquisitions_latest,True,MergersAcquisitionsLatest
portfolio-venv-core-in-process,GET,/api/v1/fmp_cached/mergers_acquisitions_search,activatable,fmp_cached_mergers_acquisitions_search,True,MergersAcquisitionsSearch
portfolio-venv-core-in-process,GET,/api/v1/fmp_cached/sec_filings_8k,activatable,fmp_cached_sec_filings_8k,True,SecFilings8K
portfolio-venv-core-in-process,GET,/api/v1/fmp_cached/sec_profile,activatable,fmp_cached_sec_profile,True,SecProfile
portfolio-venv-core-in-process,GET,/api/v1/fmp_cached/standard_industrial_classification_list,activatable,fmp_cached_standard_industrial_classification_list,True,StandardIndustrialClassificationList
portfolio-venv-core-in-process,GET,/api/v1/fmp_cached/commitment_of_traders_analysis,activatable,fmp_cached_commitment_of_traders_analysis,True,CommitmentOfTradersAnalysis
portfolio-venv-core-in-process,GET,/api/v1/fmp_cached/commitment_of_traders_report,activatable,fmp_cached_commitment_of_traders_report,True,CommitmentOfTradersReport
portfolio-venv-core-in-process,GET,/api/v1/fmp_cached/fmp_articles,activatable,fmp_cached_fmp_articles,True,FmpArticles
portfolio-venv-core-in-process,GET,/api/v1/fmp_cached/house_latest,activatable,fmp_cached_house_latest,True,HouseLatest
portfolio-venv-core-in-process,GET,/api/v1/fmp_cached/news_crypto,activatable,fmp_cached_news_crypto,True,NewsCrypto
portfolio-venv-core-in-process,GET,/api/v1/fmp_cached/news_crypto_latest,activatable,fmp_cached_news_crypto_latest,True,NewsCryptoLatest
portfolio-venv-core-in-process,GET,/api/v1/fmp_cached/news_forex,activatable,fmp_cached_news_forex,True,NewsForex
portfolio-venv-core-in-process,GET,/api/v1/fmp_cached/news_forex_latest,activatable,fmp_cached_news_forex_latest,True,NewsForexLatest
portfolio-venv-core-in-process,GET,/api/v1/fmp_cached/senate_latest,activatable,fmp_cached_senate_latest,True,SenateLatest
portfolio-venv-core-in-process,GET,/api/v1/fmp_cached/senate_net_worth,activatable,fmp_cached_senate_net_worth,True,SenateNetWorth
portfolio-venv-core-in-process,GET,/api/v1/fmp_cached/senate_net_worth_aggregated,activatable,fmp_cached_senate_net_worth_aggregated,True,SenateNetWorthAggregated
portfolio-venv-core-in-process,GET,/api/v1/fmp_cached/senate_positions,activatable,fmp_cached_senate_positions,True,SenatePositions
portfolio-venv-core-in-process,GET,/api/v1/fmp_cached/senate_profile,activatable,fmp_cached_senate_profile,True,SenateProfile
portfolio-venv-core-in-process,GET,/api/v1/fmp_cached/cik_list,activatable,fmp_cached_cik_list,True,CikList
portfolio-venv-core-in-process,GET,/api/v1/fmp_cached/financial_statement_symbol_list,activatable,fmp_cached_financial_statement_symbol_list,True,FinancialStatementSymbolList
portfolio-venv-core-in-process,GET,/api/v1/fmp_cached/commitment_of_traders_list,activatable,fmp_cached_commitment_of_traders_list,True,CommitmentOfTradersList
portfolio-venv-core-in-process,GET,/api/v1/financialtoolkit/models/capabilities,activatable,financialtoolkit_models_capabilities,False,
portfolio-venv-core-in-process,GET,/api/v1/financialtoolkit/models/altman_z_score,activatable,financialtoolkit_models_altman_z_score,False,
portfolio-venv-core-in-process,GET,/api/v1/financialtoolkit/models/piotroski_score,activatable,financialtoolkit_models_piotroski_score,False,
portfolio-venv-core-in-process,GET,/api/v1/financialtoolkit/models/dupont,activatable,financialtoolkit_models_dupont,False,
portfolio-venv-core-in-process,GET,/api/v1/financialtoolkit/models/wacc,activatable,financialtoolkit_models_wacc,False,
portfolio-venv-core-in-process,GET,/api/v1/financialtoolkit/models/intrinsic_value,activatable,financialtoolkit_models_intrinsic_value,False,
portfolio-venv-core-in-process,GET,/api/v1/financialtoolkit/options/capabilities,activatable,financialtoolkit_options_capabilities,False,
portfolio-venv-core-in-process,GET,/api/v1/financialtoolkit/options/greeks,activatable,financialtoolkit_options_greeks,False,
portfolio-venv-core-in-process,GET,/api/v1/financialtoolkit/risk/capabilities,activatable,financialtoolkit_risk_capabilities,False,
portfolio-venv-core-in-process,GET,/api/v1/financialtoolkit/risk/var,activatable,financialtoolkit_risk_var,False,
portfolio-venv-core-in-process,GET,/api/v1/financialtoolkit/risk/cvar,activatable,financialtoolkit_risk_cvar,False,
portfolio-venv-core-in-process,GET,/api/v1/financialtoolkit/risk/evar,activatable,financialtoolkit_risk_evar,False,
portfolio-venv-core-in-process,GET,/api/v1/financialtoolkit/risk/garch,activatable,financialtoolkit_risk_garch,False,
portfolio-venv-core-in-process,GET,/api/v1/financialtoolkit/performance/capabilities,activatable,financialtoolkit_performance_capabilities,False,
portfolio-venv-core-in-process,GET,/api/v1/financialtoolkit/performance/sharpe_ratio,activatable,financialtoolkit_performance_sharpe_ratio,False,
portfolio-venv-core-in-process,GET,/api/v1/financialtoolkit/performance/sortino_ratio,activatable,financialtoolkit_performance_sortino_ratio,False,
portfolio-venv-core-in-process,GET,/api/v1/financialtoolkit/performance/information_ratio,activatable,financialtoolkit_performance_information_ratio,False,
portfolio-venv-core-in-process,GET,/api/v1/financialtoolkit/performance/alpha,activatable,financialtoolkit_performance_alpha,False,
portfolio-venv-core-in-process,GET,/api/v1/financialtoolkit/performance/beta,activatable,financialtoolkit_performance_beta,False,
portfolio-venv-core-in-process,GET,/api/v1/financialtoolkit/performance/capm,activatable,financialtoolkit_performance_capm,False,
portfolio-venv-core-in-process,GET,/api/v1/financialtoolkit/performance/jensens_alpha,activatable,financialtoolkit_performance_jensens_alpha,False,
portfolio-venv-core-in-process,GET,/api/v1/financialtoolkit/performance/treynor_ratio,activatable,financialtoolkit_performance_treynor_ratio,False,
portfolio-venv-core-in-process,GET,/api/v1/financialtoolkit/performance/m2_ratio,activatable,financialtoolkit_performance_m2_ratio,False,
portfolio-venv-core-in-process,GET,/api/v1/financialtoolkit/performance/tracking_error,activatable,financialtoolkit_performance_tracking_error,False,
portfolio-venv-core-in-process,GET,/api/v1/financialtoolkit/performance/compound_growth_rate,activatable,financialtoolkit_performance_compound_growth_rate,False,
portfolio-venv-core-in-process,GET,/api/v1/financialtoolkit/performance/fama_french,activatable,financialtoolkit_performance_fama_french,False,
portfolio-venv-core-in-process,GET,/api/v1/financialtoolkit/performance/factor_correlations,activatable,financialtoolkit_performance_factor_correlations,False,
portfolio-venv-core-in-process,GET,/api/v1/financialtoolkit/discovery/capabilities,activatable,financialtoolkit_discovery_capabilities,False,
portfolio-venv-core-in-process,GET,/api/v1/financialtoolkit/discovery/screen,activatable,financialtoolkit_discovery_screen,False,
portfolio-venv-core-in-process,GET,/api/v1/financialtoolkit/discovery/search,activatable,financialtoolkit_discovery_search,False,
portfolio-venv-core-in-process,GET,/api/v1/financialtoolkit/ratios/capabilities,activatable,financialtoolkit_ratios_capabilities,False,
portfolio-venv-core-in-process,GET,/api/v1/financialtoolkit/ratios/collect_all,activatable,financialtoolkit_ratios_collect_all,False,
portfolio-venv-core-in-process,GET,/api/v1/financialtoolkit/ratios/efficiency,activatable,financialtoolkit_ratios_efficiency,False,
portfolio-venv-core-in-process,GET,/api/v1/financialtoolkit/ratios/liquidity,activatable,financialtoolkit_ratios_liquidity,False,
portfolio-venv-core-in-process,GET,/api/v1/financialtoolkit/ratios/profitability,activatable,financialtoolkit_ratios_profitability,False,
portfolio-venv-core-in-process,GET,/api/v1/financialtoolkit/ratios/solvency,activatable,financialtoolkit_ratios_solvency,False,
portfolio-venv-core-in-process,GET,/api/v1/financialtoolkit/ratios/valuation,activatable,financialtoolkit_ratios_valuation,False,
portfolio-venv-core-in-process,GET,/api/v1/financialtoolkit/ratios/asset_turnover,activatable,financialtoolkit_ratios_asset_turnover,False,
portfolio-venv-core-in-process,GET,/api/v1/financialtoolkit/ratios/current_ratio,activatable,financialtoolkit_ratios_current_ratio,False,
portfolio-venv-core-in-process,GET,/api/v1/financialtoolkit/ratios/quick_ratio,activatable,financialtoolkit_ratios_quick_ratio,False,
portfolio-venv-core-in-process,GET,/api/v1/financialtoolkit/ratios/return_on_equity,activatable,financialtoolkit_ratios_return_on_equity,False,
portfolio-venv-core-in-process,GET,/api/v1/financialtoolkit/ratios/return_on_assets,activatable,financialtoolkit_ratios_return_on_assets,False,
portfolio-venv-core-in-process,GET,/api/v1/financialtoolkit/ratios/return_on_invested_capital,activatable,financialtoolkit_ratios_return_on_invested_capital,False,
portfolio-venv-core-in-process,GET,/api/v1/financialtoolkit/ratios/price_to_earnings,activatable,financialtoolkit_ratios_price_to_earnings,False,
portfolio-venv-core-in-process,GET,/api/v1/financialtoolkit/ratios/price_to_book,activatable,financialtoolkit_ratios_price_to_book,False,
portfolio-venv-core-in-process,GET,/api/v1/financialtoolkit/ratios/debt_to_equity,activatable,financialtoolkit_ratios_debt_to_equity,False,
portfolio-venv-core-in-process,GET,/api/v1/financialtoolkit/ratios/gross_margin,activatable,financialtoolkit_ratios_gross_margin,False,
portfolio-venv-core-in-process,GET,/api/v1/financialtoolkit/ratios/net_profit_margin,activatable,financialtoolkit_ratios_net_profit_margin,False,
portfolio-venv-core-in-process,GET,/api/v1/financialtoolkit/ratios/free_cash_flow_yield,activatable,financialtoolkit_ratios_free_cash_flow_yield,False,
portfolio-venv-core-in-process,GET,/api/v1/financialtoolkit/technicals/capabilities,activatable,financialtoolkit_technicals_capabilities,False,
portfolio-venv-core-in-process,GET,/api/v1/financialtoolkit/technicals/collect_all,activatable,financialtoolkit_technicals_collect_all,False,
portfolio-venv-core-in-process,GET,/api/v1/financialtoolkit/technicals/momentum,activatable,financialtoolkit_technicals_momentum,False,
portfolio-venv-core-in-process,GET,/api/v1/financialtoolkit/technicals/overlap,activatable,financialtoolkit_technicals_overlap,False,
portfolio-venv-core-in-process,GET,/api/v1/financialtoolkit/technicals/volatility,activatable,financialtoolkit_technicals_volatility,False,
portfolio-venv-core-in-process,GET,/api/v1/financialtoolkit/technicals/breadth,activatable,financialtoolkit_technicals_breadth,False,
portfolio-venv-core-in-process,GET,/api/v1/financialtoolkit/technicals/rsi,activatable,financialtoolkit_technicals_rsi,False,
portfolio-venv-core-in-process,GET,/api/v1/financialtoolkit/technicals/macd,activatable,financialtoolkit_technicals_macd,False,
portfolio-venv-core-in-process,GET,/api/v1/financialtoolkit/technicals/bollinger_bands,activatable,financialtoolkit_technicals_bollinger_bands,False,
portfolio-venv-core-in-process,GET,/api/v1/financialtoolkit/technicals/moving_average,activatable,financialtoolkit_technicals_moving_average,False,
portfolio-venv-core-in-process,GET,/api/v1/financialtoolkit/technicals/ema,activatable,financialtoolkit_technicals_ema,False,
portfolio-venv-core-in-process,GET,/api/v1/financialtoolkit/technicals/atr,activatable,financialtoolkit_technicals_atr,False,
portfolio-venv-core-in-process,GET,/api/v1/financialtoolkit/technicals/stochastic,activatable,financialtoolkit_technicals_stochastic,False,
portfolio-venv-core-in-process,GET,/api/v1/financialtoolkit/technicals/ichimoku,activatable,financialtoolkit_technicals_ichimoku,False,
portfolio-venv-core-in-process,GET,/api/v1/financialtoolkit/technicals/adx,activatable,financialtoolkit_technicals_adx,False,
portfolio-venv-core-in-process,GET,/api/v1/financialtoolkit/technicals/obv,activatable,financialtoolkit_technicals_obv,False,
portfolio-venv-core-in-process,GET,/api/v1/financialtoolkit/technicals/support_resistance,activatable,financialtoolkit_technicals_support_resistance,False,
portfolio-venv-core-in-process,GET,/api/v1/financialtoolkit/about,activatable,financialtoolkit_about,False,
portfolio-venv-core-in-process,GET,/api/v1/cache/health,activatable,cache_health,False,
portfolio-venv-core-in-process,GET,/api/v1/cache/coverage,activatable,cache_coverage,False,
portfolio-venv-core-in-process,GET,/api/v1/cache/jobs/definitions,activatable,cache_jobs_definitions,False,
portfolio-venv-core-in-process,GET,/api/v1/cache/jobs/health,activatable,cache_jobs_health,False,
portfolio-venv-core-in-process,GET,/api/v1/cache/jobs/runs/{run_id},activatable,cache_jobs_run,False,
portfolio-venv-core-in-process,POST,/api/v1/cache/jobs/portfolio.position_history/trigger,activatable,cache_jobs_trigger_position_history,False,
portfolio-venv-core-in-process,POST,/api/v1/cache/jobs/portfolio.etf_holdings/trigger,activatable,cache_jobs_trigger_etf_holdings,False,
