Search | Search | Stock Symbol Search | stable/search-symbol?query=AAPL
Search | Search | Company Name Search | stable/search-name?query=AA
Search | Search | Search Cik | stable/search-cik?cik=320193
Search | Search | CUSIP | stable/search-cusip?cusip=037833100
Search | Search | Search Isin | stable/search-isin?isin=US0378331005
Search | Search | Stock Screener | stable/company-screener
Search | Search | Exchange Variants | stable/search-exchange-variants?symbol=AAPL
Directory | Directory | Company Symbols List | stable/stock-list
Directory | Directory | Financial Statement Symbols List | stable/financial-statement-symbol-list
Directory | Directory | CIK List | stable/cik-list?page=0&limit=1000
Directory | Directory | Symbol Changes List | stable/symbol-change
Directory | Directory | ETF Symbol Search | stable/etf-list
Directory | Directory | Actively Trading List | stable/actively-trading-list
Directory | Directory | Earnings Transcript List | stable/earnings-transcript-list
Directory | Directory | Available Exchanges | stable/available-exchanges
Directory | Directory | Available Sectors | stable/available-sectors
Directory | Directory | Available Industries | stable/available-industries
Directory | Directory | Available Countries | stable/available-countries
Analyst | Analyst Estimates | Financial Estimates | stable/analyst-estimates?symbol=AAPL&period=annual&page=0&limit=10
Analyst | Ratings | Ratings Snapshot | stable/ratings-snapshot?symbol=AAPL
Analyst | Ratings | Historical Ratings | stable/ratings-historical?symbol=AAPL
Analyst | Price Targets | Price Target Summary | stable/price-target-summary?symbol=AAPL
Analyst | Price Targets | Price Target Consensus | stable/price-target-consensus?symbol=AAPL
Analyst | Upgrades Downgrades | Stock Grades | stable/grades?symbol=AAPL
Analyst | Upgrades Downgrades | Historical Stock Grades | stable/grades-historical?symbol=AAPL
Analyst | Upgrades Downgrades | Stock Grades Summary | stable/grades-consensus?symbol=AAPL
Calendar | Dividends | Dividends Company | stable/dividends?symbol=AAPL
Calendar | Dividends | Dividends Calendar | stable/dividends-calendar
Calendar | Earnings | Earnings Report | stable/earnings?symbol=AAPL
Calendar | Earnings | Earnings Calendar | stable/earnings-calendar
Calendar | Ipos | IPOs Calendar | stable/ipos-calendar
Calendar | Ipos | IPOs Disclosure | stable/ipos-disclosure
Calendar | Ipos | IPOs Prospectus | stable/ipos-prospectus
Calendar | Splits | Stock Split Details | stable/splits?symbol=AAPL
Calendar | Splits | Stock Splits Calendar | stable/splits-calendar
Chart | End Of Day | Stock Chart Light | stable/historical-price-eod/light?symbol=AAPL
Chart | End Of Day | Stock Price and Volume Data | stable/historical-price-eod/full?symbol=AAPL
Chart | End Of Day | Unadjusted Stock Price | stable/historical-price-eod/non-split-adjusted?symbol=AAPL
Chart | End Of Day | Dividend Adjusted Price Chart | stable/historical-price-eod/dividend-adjusted?symbol=AAPL
Chart | Intraday | 1 Min Interval Stock Chart | stable/historical-chart/1min?symbol=AAPL
Chart | Intraday | 5 Min Interval Stock Chart | stable/historical-chart/5min?symbol=AAPL
Chart | Intraday | 15 Min Interval Stock Chart | stable/historical-chart/15min?symbol=AAPL
Chart | Intraday | 30 Min Interval Stock Chart | stable/historical-chart/30min?symbol=AAPL
Chart | Intraday | 1 Hour Interval Stock Chart | stable/historical-chart/1hour?symbol=AAPL
Chart | Intraday | 4 Hour Interval Stock Chart | stable/historical-chart/4hour?symbol=AAPL
Company | Profile | Company Profile Data | stable/profile?symbol=AAPL
Company | Profile | Company Profile by CIK | stable/profile-cik?cik=320193
Company | Profile | Company Notes | stable/company-notes?symbol=AAPL
Company | Profile | Stock Peer Comparison | stable/stock-peers?symbol=AAPL
Company | Profile | Delisted Companies | stable/delisted-companies?page=0&limit=100
Company | Employee Count | Company Employee Count | stable/employee-count?symbol=AAPL
Company | Employee Count | Company Historical Employee Count | stable/historical-employee-count?symbol=AAPL
Company | Market Cap | Company Market Cap | stable/market-capitalization?symbol=AAPL
Company | Market Cap | Batch Market Cap | stable/market-capitalization-batch?symbols=AAPL,MSFT,GOOG
Company | Market Cap | Historical Market Cap | stable/historical-market-capitalization?symbol=AAPL
Company | Shares Float | Company Share Float & Liquidity | stable/shares-float?symbol=AAPL
Company | Shares Float | All Shares Float | stable/shares-float-all?page=0&limit=1000
Company | Mergers | Latest Mergers & Acquisitions | stable/mergers-acquisitions-latest?page=0&limit=100
Company | Mergers | Search Mergers & Acquisitions | stable/mergers-acquisitions-search?name=Apple
Company | Executive Compensation | Company Executives | stable/key-executives?symbol=AAPL
Company | Executive Compensation | Executive Compensation | stable/governance-executive-compensation?symbol=AAPL
Company | Executive Compensation | Executive Compensation Benchmark | stable/executive-compensation-benchmark
CommitmentOfTraders | Commitment Of Traders | COT Report | stable/commitment-of-traders-report
CommitmentOfTraders | Commitment Of Traders | COT Analysis By Dates | stable/commitment-of-traders-analysis
CommitmentOfTraders | Commitment Of Traders | COT Report List | stable/commitment-of-traders-list
DiscountedCashFlow | Dcf | DCF Valuation | stable/discounted-cash-flow?symbol=AAPL
DiscountedCashFlow | Dcf | Levered DCF | stable/levered-discounted-cash-flow?symbol=AAPL
DiscountedCashFlow | Dcf | Custom DCF Advanced | stable/custom-discounted-cash-flow?symbol=AAPL
DiscountedCashFlow | Dcf | Custom DCF Levered | stable/custom-levered-discounted-cash-flow?symbol=AAPL
Economics | Economics Data | Treasury Rates | stable/treasury-rates
Economics | Economics Data | Economics Indicators | stable/economic-indicators?name=GDP
Economics | Economics Data | Economic Data Releases Calendar | stable/economic-calendar
Economics | Economics Data | Market Risk Premium | stable/market-risk-premium
ESG | Esg | ESG Investment Search | stable/esg-disclosures?symbol=AAPL
ESG | Esg | ESG Ratings | stable/esg-ratings?symbol=AAPL
ESG | Esg | ESG Benchmark Comparison | stable/esg-benchmark
EtfAndMutualFunds | Holdings | ETF & Fund Holdings | stable/etf/holdings?symbol=SPY
EtfAndMutualFunds | Holdings | ETF & Mutual Fund Information | stable/etf/info?symbol=SPY
EtfAndMutualFunds | Holdings | ETF & Fund Country Allocation | stable/etf/country-weightings?symbol=SPY
EtfAndMutualFunds | Holdings | ETF Asset Exposure | stable/etf/asset-exposure?symbol=AAPL
EtfAndMutualFunds | Holding | ETF Sector Weighting | stable/etf/sector-weightings?symbol=SPY
EtfAndMutualFunds | Fund Disclosures | Mutual Fund & ETF Disclosure | stable/funds/disclosure-holders-latest?symbol=AAPL
EtfAndMutualFunds | Fund Disclosures | Mutual Fund Disclosures | stable/funds/disclosure?symbol=VWO&year=2023&quarter=4
EtfAndMutualFunds | Fund Disclosures | Mutual Fund & ETF Disclosure Name Search | stable/funds/disclosure-holders-search?name=Federated Hermes Government Income Securities, Inc.
EtfAndMutualFunds | Fund Disclosures | Fund & ETF Disclosures by Date | stable/funds/disclosure-dates?symbol=VWO
Statements | Financial Statements | Income Statement | stable/income-statement?symbol=AAPL
Statements | Financial Statements | Balance Sheet Statement | stable/balance-sheet-statement?symbol=AAPL
Statements | Financial Statements | Cash Flow Statement | stable/cash-flow-statement?symbol=AAPL
Statements | Financial Statements | Latest Financial Statements | stable/latest-financial-statements?page=0&limit=250
Statements | Financial StatementsTTM | Income Statements TTM | stable/income-statement-ttm?symbol=AAPL
Statements | Financial StatementsTTM | Balance Sheet Statements TTM | stable/balance-sheet-statement-ttm?symbol=AAPL
Statements | Financial StatementsTTM | Cashflow Statements TTM | stable/cash-flow-statement-ttm?symbol=AAPL
Statements | Ratios | Key Metrics | stable/key-metrics?symbol=AAPL
Statements | Ratios | Financial Ratios | stable/ratios?symbol=AAPL
Statements | Ratios | Key Metrics TTM | stable/key-metrics-ttm?symbol=AAPL
Statements | Ratios | Financial Ratios TTM | stable/ratios-ttm?symbol=AAPL
Statements | Analysis | Financial Scores | stable/financial-scores?symbol=AAPL
Statements | Analysis | Owner Earnings | stable/owner-earnings?symbol=AAPL
Statements | Analysis | Enterprise Values | stable/enterprise-values?symbol=AAPL
Statements | Growth | Income Statement Growth | stable/income-statement-growth?symbol=AAPL
Statements | Growth | Balance Sheet Statement Growth | stable/balance-sheet-statement-growth?symbol=AAPL
Statements | Growth | Cashflow Statement Growth | stable/cash-flow-statement-growth?symbol=AAPL
Statements | Growth | Financial Statement Growth | stable/financial-growth?symbol=AAPL
Statements | Formats | Financial Reports Dates | stable/financial-reports-dates?symbol=AAPL
Statements | Formats | Financial Reports Form 10-K JSON | stable/financial-reports-json?symbol=AAPL&year=2022&period=FY
Statements | Formats | Financial Reports Form 10-K XLSX | stable/financial-reports-xlsx?symbol=AAPL&year=2022&period=FY
Statements | Segmentation | Revenue Product Segmentation | stable/revenue-product-segmentation?symbol=AAPL
Statements | Segmentation | Revenue Geographic Segments | stable/revenue-geographic-segmentation?symbol=AAPL
Statements | As Reported | As Reported Income Statements | stable/income-statement-as-reported?symbol=AAPL
Statements | As Reported | As Reported Balance Statements | stable/balance-sheet-statement-as-reported?symbol=AAPL
Statements | As Reported | As Reported Cashflow Statements | stable/cash-flow-statement-as-reported?symbol=AAPL
Statements | As Reported | As Reported Financial Statements | stable/financial-statement-full-as-reported?symbol=AAPL
Form13F | Extract | Institutional Ownership Filings | stable/institutional-ownership/latest?page=0&limit=100
Form13F | Extract | Filings Extract | stable/institutional-ownership/extract?cik=0001388838&year=2023&quarter=3
Form13F | Extract | Form 13F Filings Dates | stable/institutional-ownership/dates?cik=0001067983
Form13F | Holder | Filings Extract With Analytics By Holder | stable/institutional-ownership/extract-analytics/holder?symbol=AAPL&year=2023&quarter=3&page=0&limit=10
Form13F | Holder | Holder Performance Summary | stable/institutional-ownership/holder-performance-summary?cik=0001067983&page=0
Form13F | Holder | Holders Industry Breakdown | stable/institutional-ownership/holder-industry-breakdown?cik=0001067983&year=2023&quarter=3
Form13F | Symbol | Positions Summary | stable/institutional-ownership/symbol-positions-summary?symbol=AAPL&year=2023&quarter=3
Form13F | Symbol | Industry Performance Summary | stable/institutional-ownership/industry-summary?year=2023&quarter=3
Indexes | Indexes | Stock Market Indexes List | stable/index-list
Indexes | Quotes | Index Quote | stable/quote?symbol=^VIX
Indexes | Quotes | Index Short Quote | stable/quote-short?symbol=^VIX
Indexes | Quotes | All Index Quotes | stable/batch-index-quotes
Indexes | End Of Day | Historical Index Light Chart | stable/historical-price-eod/light?symbol=^VIX
Indexes | End Of Day | Historical Index Full Chart | stable/historical-price-eod/full?symbol=^VIX
Indexes | Intraday | 1-Minute Interval Index Price | stable/historical-chart/1min?symbol=^VIX
Indexes | Intraday | 5-Minute Interval Index Price | stable/historical-chart/5min?symbol=^VIX
Indexes | Intraday | 1-Hour Interval Index Price | stable/historical-chart/1hour?symbol=^VIX
Indexes | Latest Constituents | S&P 500 Index | stable/sp500-constituent
Indexes | Latest Constituents | Nasdaq Index | stable/nasdaq-constituent
Indexes | Latest Constituents | Dow Jones | stable/dowjones-constituent
Indexes | Historical Constituents | Historical S&P 500 | stable/historical-sp500-constituent
Indexes | Historical Constituents | Historical Nasdaq | stable/historical-nasdaq-constituent
Indexes | Historical Constituents | Historical Dow Jones | stable/historical-dowjones-constituent
Commodity | Commodities | Commodities List | stable/commodities-list
Commodity | Quotes | Commodities Quote | stable/quote?symbol=GCUSD
Commodity | Quotes | Commodities Quote Short | stable/quote-short?symbol=GCUSD
Commodity | Quotes | All Commodities Quotes | stable/batch-commodity-quotes
Commodity | End Of Day | Light Chart | stable/historical-price-eod/light?symbol=GCUSD
Commodity | End Of Day | Full Chart | stable/historical-price-eod/full?symbol=GCUSD
Commodity | Intraday | 1-Minute Interval Commodities Chart | stable/historical-chart/1min?symbol=GCUSD
Commodity | Intraday | 5-Minute Interval Commodities Chart | stable/historical-chart/5min?symbol=GCUSD
Commodity | Intraday | 1-Hour Interval Commodities Chart | stable/historical-chart/1hour?symbol=GCUSD
Crypto | Cryptocurrency | Cryptocurrency List | stable/cryptocurrency-list
Crypto | Quotes | Full Cryptocurrency Quote | stable/quote?symbol=BTCUSD
Crypto | Quotes | Cryptocurrency Quote Short | stable/quote-short?symbol=BTCUSD
Crypto | Quotes | All Cryptocurrencies Quotes | stable/batch-crypto-quotes
Crypto | End Of Day | Historical Cryptocurrency Light Chart | stable/historical-price-eod/light?symbol=BTCUSD
Crypto | End Of Day | Historical Cryptocurrency Full Chart | stable/historical-price-eod/full?symbol=BTCUSD
Crypto | Intraday | 1-Minute Interval Cryptocurrency Data | stable/historical-chart/1min?symbol=BTCUSD
Crypto | Intraday | 5-Minute Interval Cryptocurrency Data | stable/historical-chart/5min?symbol=BTCUSD
Crypto | Intraday | 1-Hour Interval Cryptocurrency Data | stable/historical-chart/1hour?symbol=BTCUSD
Fundraisers | Crowdfunding | Latest Crowdfunding Campaigns | stable/crowdfunding-offerings-latest?page=0&limit=100
Fundraisers | Crowdfunding | Crowdfunding Campaign Search | stable/crowdfunding-offerings-search?name=enotap
Fundraisers | Crowdfunding | Crowdfunding By CIK | stable/crowdfunding-offerings?cik=0001916078
Fundraisers | Equity | Equity Offering Updates | stable/fundraising-latest?page=0&limit=10
Fundraisers | Equity | Equity Offering Search | stable/fundraising-search?name=NJOY
Fundraisers | Equity | Equity Offering By CIK | stable/fundraising?cik=0001547416
Forex | Forex | Forex Currency Pairs | stable/forex-list
Forex | Quotes | Forex Quote | stable/quote?symbol=EURUSD
Forex | Quotes | Forex Short Quote | stable/quote-short?symbol=EURUSD
Forex | Quotes | Batch Forex Quotes | stable/batch-forex-quotes
Forex | End Of Day | Historical Forex Light Chart | stable/historical-price-eod/light?symbol=EURUSD
Forex | End Of Day | Historical Forex Full Chart | stable/historical-price-eod/full?symbol=EURUSD
Forex | Intraday | 1-Minute Interval Forex Chart | stable/historical-chart/1min?symbol=EURUSD
Forex | Intraday | 5-Minute Interval Forex Chart | stable/historical-chart/5min?symbol=EURUSD
Forex | Intraday | 1-Hour Interval Forex Chart | stable/historical-chart/1hour?symbol=EURUSD
InsiderTrades | Latest | Latest Insider Trading | stable/insider-trading/latest?page=0&limit=100
InsiderTrades | Search | Search Insider Trades | stable/insider-trading/search?page=0&limit=100
InsiderTrades | Search | Search Insider Trades by Reporting Name | stable/insider-trading/reporting-name?name=Zuckerberg
InsiderTrades | Statistics | All Insider Transaction Types | stable/insider-trading-transaction-type
InsiderTrades | Statistics | Insider Trade Statistics | stable/insider-trading/statistics?symbol=AAPL
InsiderTrades | Acquisition Ownership | Acquisition Ownership | stable/acquisition-of-beneficial-ownership?symbol=AAPL
MarketPerformance | Market Performance | Market Sector Performance Snapshot | stable/sector-performance-snapshot?date=2024-02-01
MarketPerformance | Market Performance | Industry Performance Snapshot | stable/industry-performance-snapshot?date=2024-02-01
MarketPerformance | Market Performance | Historical Market Sector Performance | stable/historical-sector-performance?sector=Energy
MarketPerformance | Market Performance | Historical Industry Performance | stable/historical-industry-performance?industry=Biotechnology
MarketPerformance | PE Ratio | Sector Pe Snapshot | stable/sector-pe-snapshot?date=2024-02-01
MarketPerformance | PE Ratio | Industry Pe Snapshot | stable/industry-pe-snapshot?date=2024-02-01
MarketPerformance | PE Ratio | Historical Sector PE | stable/historical-sector-pe?sector=Energy
MarketPerformance | PE Ratio | Historical Industry PE | stable/historical-industry-pe?industry=Biotechnology
MarketPerformance | Market Leaders | Biggest Stock Gainers | stable/biggest-gainers
MarketPerformance | Market Leaders | Biggest Stock Losers | stable/biggest-losers
MarketPerformance | Market Leaders | Top Traded Stocks | stable/most-actives
MarketHours | Market Hours | Global Exchange Market Hours | stable/exchange-market-hours?exchange=NASDAQ
MarketHours | Market Hours | Holidays By Exchange | stable/holidays-by-exchange?exchange=NASDAQ
MarketHours | Market Hours | All Exchange Market Hours | stable/all-exchange-market-hours
TechnicalIndicators | Technical Indicators | Simple Moving Average | stable/technical-indicators/sma?symbol=AAPL&periodLength=10&timeframe=1day
TechnicalIndicators | Technical Indicators | Exponential Moving Average | stable/technical-indicators/ema?symbol=AAPL&periodLength=10&timeframe=1day
TechnicalIndicators | Technical Indicators | Weighted Moving Average | stable/technical-indicators/wma?symbol=AAPL&periodLength=10&timeframe=1day
TechnicalIndicators | Technical Indicators | Double Exponential Moving Average | stable/technical-indicators/dema?symbol=AAPL&periodLength=10&timeframe=1day
TechnicalIndicators | Technical Indicators | Triple Exponential Moving Average | stable/technical-indicators/tema?symbol=AAPL&periodLength=10&timeframe=1day
TechnicalIndicators | Technical Indicators | Relative Strength Index | stable/technical-indicators/rsi?symbol=AAPL&periodLength=10&timeframe=1day
TechnicalIndicators | Technical Indicators | Standard Deviation | stable/technical-indicators/standarddeviation?symbol=AAPL&periodLength=10&timeframe=1day
TechnicalIndicators | Technical Indicators | Williams | stable/technical-indicators/williams?symbol=AAPL&periodLength=10&timeframe=1day
TechnicalIndicators | Technical Indicators | Average Directional Index | stable/technical-indicators/adx?symbol=AAPL&periodLength=10&timeframe=1day
News | Articles | FMP Articles | stable/fmp-articles?page=0&limit=20
News | Articles | General News | stable/news/general-latest?page=0&limit=20
News | Articles | Press Releases | stable/news/press-releases-latest?page=0&limit=20
News | Articles | Stock News | stable/news/stock-latest?page=0&limit=20
News | Articles | Crypto News | stable/news/crypto-latest?page=0&limit=20
News | Articles | Forex News | stable/news/forex-latest?page=0&limit=20
News | Symbol | Search Press Releases | stable/news/press-releases?symbols=AAPL
News | Symbol | Search Stock News | stable/news/stock?symbols=AAPL
News | Symbol | Search Crypto News | stable/news/crypto?symbols=BTCUSD
News | Symbol | Search Forex News | stable/news/forex?symbols=EURUSD
Quote | Single Quote | Stock Quote | stable/quote?symbol=AAPL
Quote | Single Quote | Stock Quote Short | stable/quote-short?symbol=AAPL
Quote | Single Quote | Aftermarket Trade | stable/aftermarket-trade?symbol=AAPL
Quote | Single Quote | Aftermarket Quote | stable/aftermarket-quote?symbol=AAPL
Quote | Single Quote | Stock Price Change | stable/stock-price-change?symbol=AAPL
Quote | Batch | Stock Batch Quote | stable/batch-quote?symbols=AAPL
Quote | Batch | Stock Batch Quote Short | stable/batch-quote-short?symbols=AAPL
Quote | Batch | Batch Aftermarket Trade | stable/batch-aftermarket-trade?symbols=AAPL
Quote | Batch | Batch Aftermarket Quote | stable/batch-aftermarket-quote?symbols=AAPL
Quote | Batch List | Exchange Stock Quotes | stable/batch-exchange-quote?exchange=NASDAQ
Quote | Batch List | Mutual Fund Price Quotes | stable/batch-mutualfund-quotes
Quote | Batch List | ETF Price Quotes | stable/batch-etf-quotes
Quote | Batch List | Full Commodities Quotes | stable/batch-commodity-quotes
Quote | Batch List | Full Cryptocurrency Quotes | stable/batch-crypto-quotes
Quote | Batch List | Full Forex Quote | stable/batch-forex-quotes
Quote | Batch List | Full Index Quotes | stable/batch-index-quotes
SecFilings | Latest Filings | Latest 8-K SEC Filings | stable/sec-filings-8k?from=2024-01-01&to=2024-03-01&page=0&limit=100
SecFilings | Latest Filings | Latest SEC Filings | stable/sec-filings-financials?from=2024-01-01&to=2024-03-01&page=0&limit=100
SecFilings | Search Filings | SEC Filings By Form Type | stable/sec-filings-search/form-type?formType=8-K&from=2024-01-01&to=2024-03-01&page=0&limit=100
SecFilings | Search Filings | SEC Filings By Symbol | stable/sec-filings-search/symbol?symbol=AAPL&from=2024-01-01&to=2024-03-01&page=0&limit=100
SecFilings | Search Filings | SEC Filings By CIK | stable/sec-filings-search/cik?cik=0000320193&from=2024-01-01&to=2024-03-01&page=0&limit=100
SecFilings | Search Filings | SEC Filings By Name | stable/sec-filings-company-search/name?company=Berkshire
SecFilings | Company Info | SEC Filings Company Search By Symbol | stable/sec-filings-company-search/symbol?symbol=AAPL
SecFilings | Company Info | SEC Filings Company Search By CIK | stable/sec-filings-company-search/cik?cik=0000320193
SecFilings | Company Info | SEC Company Full Profile | stable/sec-profile?symbol=AAPL
SecFilings | Industry Classification | Industry Classification List | stable/standard-industrial-classification-list
SecFilings | Industry Classification | Industry Classification Search | stable/industry-classification-search
SecFilings | Industry Classification | All Industry Classification | stable/all-industry-classification
EarningsTranscript | Earnings Transcript | Latest Earning Transcripts | stable/earning-call-transcript-latest
EarningsTranscript | Earnings Transcript | Earnings Transcript | stable/earning-call-transcript?symbol=AAPL&year=2020&quarter=3
EarningsTranscript | Earnings Transcript | Transcripts Dates By Symbol | stable/earning-call-transcript-dates?symbol=AAPL
EarningsTranscript | Earnings Transcript | Available Transcript Symbols | stable/earnings-transcript-list
Senate | Latest | Latest Senate Financial Disclosures | stable/senate-latest?page=0&limit=100
Senate | Latest | Latest House Financial Disclosures | stable/house-latest?page=0&limit=100
Senate | Symbol | Senate Trading Activity | stable/senate-trades?symbol=AAPL
Senate | Symbol | Senate Trades By Name | stable/senate-trades-by-name?name=Jerry
Senate | Symbol | Senate Trades By ID | stable/senate-trades-by-id
Senate | Symbol | U.S. House Trades | stable/house-trades?symbol=AAPL
Senate | Symbol | House Trades By Name | stable/house-trades-by-name?name=James
Senate | Symbol | House Trades By ID | stable/house-trades-by-id
Senate | Profile | Senate Profiles | stable/senate-profile
Senate | Profile | Senate Positions | stable/senate-positions
Senate | Profile | Senate Net Worth | stable/senate-net-worth?senateID=P000197&page=0&limit=250
Senate | Profile | Senate Net Worth Aggregated | stable/senate-net-worth-aggregated?senateID=P000197
Bulk | Profile | Company Profile Bulk | stable/profile-bulk?part=0
Bulk | Profile | Stock Rating Bulk | stable/rating-bulk
Bulk | Profile | DCF Valuations Bulk | stable/dcf-bulk
Bulk | Profile | Financial Scores Bulk | stable/scores-bulk
Bulk | Profile | Price Target Summary Bulk | stable/price-target-summary-bulk
Bulk | Profile | ETF Holder Bulk | stable/etf-holder-bulk?part=1
Bulk | Profile | Upgrades Downgrades Consensus Bulk | stable/upgrades-downgrades-consensus-bulk
Bulk | Profile | Key Metrics TTM Bulk | stable/key-metrics-ttm-bulk
Bulk | Profile | Ratios TTM Bulk | stable/ratios-ttm-bulk
Bulk | Profile | Stock Peers Bulk | stable/peers-bulk
Bulk | Profile | Earnings Surprises Bulk | stable/earnings-surprises-bulk?year=2026
Bulk | Financials | Income Statement Bulk | stable/income-statement-bulk?year=2026&period=Q1
Bulk | Financials | Income Statement Growth Bulk | stable/income-statement-growth-bulk?year=2026&period=Q1
Bulk | Financials | Balance Sheet Statement Bulk | stable/balance-sheet-statement-bulk?year=2026&period=Q1
Bulk | Financials | Balance Sheet Statement Growth Bulk | stable/balance-sheet-statement-growth-bulk?year=2026&period=Q1
Bulk | Financials | Cash Flow Statement Bulk | stable/cash-flow-statement-bulk?year=2026&period=Q1
Bulk | Financials | Cash Flow Statement Growth Bulk | stable/cash-flow-statement-growth-bulk?year=2026&period=Q1
Bulk | Chart | Eod Bulk | stable/eod-bulk?date=2024-10-22
Partners | TipRanks Search | Analyst Ratings Search | stable/tipranks-search
Partners | TipRanks PIT Latest | Point in time Ratings by Symbol | stable/tipranks-pit-symbol?symbol=AAPL
Partners | TipRanks PIT Latest | Point in time Ratings by Analyst | stable/tipranks-pit-analyst
Partners | TipRanks Summary | Ratings Summary by Symbol | stable/tipranks-symbol-summary?symbol=AAPL
Partners | TipRanks Summary | Ratings Summary by Analyst | stable/tipranks-analyst-summary?expertUID=3c6eb8cf1347a4e5757e628fccb684a93abee587
Partners | TipRanks Summary | Ratings Summary by Firm | stable/tipranks-firm-summary?firmName=Morgan Stanley
Partners | Tipranks Analysts | Analyst Directory Lookup | stable/tipranks-analysts
